scope,held_out_sequence,training_condition,feature_set,auroc,auroc_ci_lo,auroc_ci_hi,auroc_sequence_std,auprc,auprc_ci_lo,auprc_ci_hi,auprc_sequence_std,n,n_failures,failure_rate,n_features,train_seconds,n_train_pool,n_train_pool_failures,n_fit,n_fit_failures,n_val,n_val_failures,score_column,auprc_n_boot,auroc_n_boot
clean_loso_tau75,seq01,clean_only,full,0.893015873015873,0.7756970234776375,0.9804535186581755,,0.6994006655154197,0.45503573438944955,0.8908051059988277,,225,15,0.06666666666666667,22,125.73755997791886,2175,157,1740,126,435,31,clean_only_full,1000,1000
clean_loso_tau75,seq01,clean_only,confidence_only,0.8074603174603174,0.5977053638763197,0.9604658078283377,,0.7409911636135071,0.4947014732788811,0.9280771002031705,,225,15,0.06666666666666667,7,20.018507193075493,2175,157,1740,126,435,31,clean_only_confidence_only,1000,1000
clean_loso_tau75,seq02,clean_only,full,nan,nan,nan,,nan,nan,nan,,225,0,0.0,22,19.16071570594795,2175,172,1740,138,435,34,clean_only_full,0,0
clean_loso_tau75,seq02,clean_only,confidence_only,nan,nan,nan,,nan,nan,nan,,225,0,0.0,7,19.70256344100926,2175,172,1740,138,435,34,clean_only_confidence_only,0,0
clean_loso_tau75,seq03,clean_only,full,1.0,0.9999999999999999,1.0,,1.0,1.0,1.0,,225,1,0.0044444444444444444,22,74.85443737194873,2175,171,1740,137,435,34,clean_only_full,666,622
clean_loso_tau75,seq03,clean_only,confidence_only,1.0,0.9999999999999999,1.0,,1.0,1.0,1.0,,225,1,0.0044444444444444444,7,41.866644765017554,2175,171,1740,137,435,34,clean_only_confidence_only,666,622
clean_loso_tau75,seq04,clean_only,full,nan,nan,nan,,nan,nan,nan,,225,0,0.0,22,23.50943246204406,2175,172,1740,138,435,34,clean_only_full,0,0
clean_loso_tau75,seq04,clean_only,confidence_only,nan,nan,nan,,nan,nan,nan,,225,0,0.0,7,19.630308193038218,2175,172,1740,138,435,34,clean_only_confidence_only,0,0
clean_loso_tau75,seq05,clean_only,full,0.8239652529381707,0.7490901687415803,0.8928056601218687,,0.23808868605645103,0.13746168919287943,0.4352045930299672,,225,19,0.08444444444444445,22,43.08364902401809,2175,153,1740,122,435,31,clean_only_full,1000,1000
clean_loso_tau75,seq05,clean_only,confidence_only,0.9292284108329075,0.867786081992856,0.9736845826387234,,0.6381923491589141,0.42974529689404967,0.8222507828878257,,225,19,0.08444444444444445,7,47.35796134197153,2175,153,1740,122,435,31,clean_only_confidence_only,1000,1000
clean_loso_tau75,seq06,clean_only,full,0.6557377049180327,0.554019858222552,0.7438013894294413,,0.4184393138678457,0.2858590826035911,0.5691256269183409,,225,42,0.18666666666666668,22,19.44822387699969,2175,130,1740,104,435,26,clean_only_full,1000,1000
clean_loso_tau75,seq06,clean_only,confidence_only,0.7631407754358576,0.6863825705357963,0.8359256939495276,,0.5033125240678411,0.36761395936968844,0.6389968969267973,,225,42,0.18666666666666668,7,19.039612537948415,2175,130,1740,104,435,26,clean_only_confidence_only,1000,1000
clean_loso_tau75,seq07,clean_only,full,0.8751055446101885,0.8166739826897055,0.9280615241939649,,0.5201131339043191,0.37967363051736747,0.6860077715061729,,225,38,0.1688888888888889,22,31.74877402500715,2175,134,1740,107,435,27,clean_only_full,1000,1000
clean_loso_tau75,seq07,clean_only,confidence_only,0.8634956374894456,0.8108347838100165,0.9130492649282322,,0.4307588733566931,0.31202774050802495,0.5791320465544242,,225,38,0.1688888888888889,7,20.722182190045714,2175,134,1740,107,435,27,clean_only_confidence_only,1000,1000
clean_loso_tau75,seq08,clean_only,full,0.6790883892824146,0.5811970565442788,0.7739992260061919,,0.2751712247209584,0.1721764663974981,0.43931269374521126,,225,34,0.1511111111111111,22,30.194335976964794,2175,138,1740,110,435,28,clean_only_full,1000,1000
clean_loso_tau75,seq08,clean_only,confidence_only,0.5793039728980597,0.478468245200016,0.681343005952381,,0.21846891121014952,0.1392011811144938,0.36822179241728525,,225,34,0.1511111111111111,7,24.599571621976793,2175,138,1740,110,435,28,clean_only_confidence_only,1000,1000
clean_loso_tau75,seq09,clean_only,full,0.5848298043419995,0.4494259248125503,0.7426521359012647,,0.08907888897700449,0.03332109593326809,0.2682407904348471,,300,13,0.043333333333333335,22,49.610882022068836,2100,159,1680,127,420,32,clean_only_full,1000,1000
clean_loso_tau75,seq09,clean_only,confidence_only,0.424015009380863,0.2557699121315193,0.6052987648086079,,0.06467836294537693,0.022304680786072464,0.21611863146922233,,300,13,0.043333333333333335,7,31.354351677000523,2100,159,1680,127,420,32,clean_only_confidence_only,1000,1000
clean_loso_tau75,seq10,clean_only,full,0.6372413793103449,0.47842367375429545,0.7841296928327643,,0.1455904511946024,0.025356212973782388,0.37209297034225874,,300,10,0.03333333333333333,22,43.8153823990142,2100,162,1680,130,420,32,clean_only_full,1000,1000
clean_loso_tau75,seq10,clean_only,confidence_only,0.5055172413793103,0.3561536815068493,0.6655411095472671,,0.13501977350517824,0.019685558497130565,0.35391065281364087,,300,10,0.03333333333333333,7,24.777991387993097,2100,162,1680,130,420,32,clean_only_confidence_only,1000,1000
corrupted_held_sequence_tau75,seq08,clean_only,full,0.8430553808055593,0.8331484757732441,0.8527328114602323,,0.8479629218657335,0.8365896941286344,0.8595787399823637,,6750,2995,0.4437037037037037,22,20.25252720201388,2175,138,1740,110,435,28,clean_only_full,1000,1000
corrupted_held_sequence_tau75,seq08,clean_only,confidence_only,0.8425621041727335,0.8331986562436848,0.8522163619031884,,0.8177862191111425,0.8049554184368088,0.8303586952044157,,6750,2995,0.4437037037037037,7,15.782038341043517,2175,138,1740,110,435,28,clean_only_confidence_only,1000,1000
corrupted_held_sequence_tau75,seq08,combined,full,0.8932786779563809,0.8859417834584382,0.9014053763245208,,0.901520523725549,0.8940481538908996,0.9090897921821653,,6750,2995,0.4437037037037037,22,216.99027062801179,42675,16754,34140,13403,8535,3351,combined_full,1000,1000
corrupted_held_sequence_tau75,seq08,combined,confidence_only,0.8602119822429304,0.8516400256221983,0.8694084938584293,,0.8613559291918119,0.8517132036475776,0.8710683418967242,,6750,2995,0.4437037037037037,7,234.7702474630205,42675,16754,34140,13403,8535,3351,combined_confidence_only,1000,1000
corrupted_held_sequence_tau75,seq09,clean_only,full,0.8417816095320909,0.8331383370785332,0.850853441421445,,0.7682304898076573,0.7524332689799208,0.7834715574224023,,9000,3436,0.38177777777777777,22,39.36605307098944,2100,159,1680,127,420,32,clean_only_full,1000,1000
corrupted_held_sequence_tau75,seq09,clean_only,confidence_only,0.8291724343840204,0.8203631683259311,0.8382251726178058,,0.8050862331313701,0.793004710682685,0.8165613647442088,,9000,3436,0.38177777777777777,7,48.1285401590867,2100,159,1680,127,420,32,clean_only_confidence_only,1000,1000
corrupted_held_sequence_tau75,seq09,combined,full,0.9514642923199111,0.9467335364839772,0.9559177528838085,,0.9434530820449724,0.9383692247271136,0.9486360977801213,,9000,3436,0.38177777777777777,22,241.32044142996892,42600,16775,34080,13420,8520,3355,combined_full,1000,1000
corrupted_held_sequence_tau75,seq09,combined,confidence_only,0.8962407176016786,0.8894716831897006,0.9029688122860218,,0.8862528785674045,0.8782583277166433,0.8942779844942373,,9000,3436,0.38177777777777777,7,237.11774451006204,42600,16775,34080,13420,8520,3355,combined_confidence_only,1000,1000
corrupted_held_sequence_tau75,seq10,clean_only,full,0.8727554589974271,0.864019807193728,0.8810807290836901,,0.7738796970067259,0.7553947606071616,0.7921594192262982,,9000,2833,0.31477777777777777,22,52.667288649012335,2100,162,1680,130,420,32,clean_only_full,1000,1000
corrupted_held_sequence_tau75,seq10,clean_only,confidence_only,0.8954591668497786,0.8889183163568904,0.902978985084345,,0.8521735500805694,0.8411189684923999,0.8629343714444623,,9000,2833,0.31477777777777777,7,22.867325327009894,2100,162,1680,130,420,32,clean_only_confidence_only,1000,1000
corrupted_held_sequence_tau75,seq10,combined,full,0.9784803610943804,0.9760752558825305,0.9807428443128031,,0.9610082694397849,0.956420845937214,0.965219847498499,,9000,2833,0.31477777777777777,22,237.7252715069335,42600,16778,34080,13422,8520,3356,combined_full,1000,1000
corrupted_held_sequence_tau75,seq10,combined,confidence_only,0.9533795532522231,0.9494375930098116,0.9575420583739271,,0.9243578696515471,0.9177115693907284,0.9307568216372384,,9000,2833,0.31477777777777777,7,242.05955827306025,42600,16778,34080,13422,8520,3356,combined_confidence_only,1000,1000
clean_loso_tau75_macro,macro_mean,clean_only,confidence_only,0.7340201706095952,,,0.20843319536206223,0.46642774473220755,,,0.3218113132890111,,,,7,269.0696943490766,,,,,,,,,
clean_loso_tau75_macro,macro_mean,clean_only,full,0.768622993552128,,,0.14890591739196019,0.4232352955295751,,,0.30782243318424163,,,,22,461.16339284193236,,,,,,,,,
corrupted_held_sequence_tau75_macro,macro_mean,clean_only,confidence_only,0.8557312351355107,,,0.035050709450492344,0.825015334107694,,,0.024361833512558384,,,,7,86.77790382714011,,,,,,,,,
corrupted_held_sequence_tau75_macro,macro_mean,clean_only,full,0.8525308164450257,,,0.017526629684385436,0.7966910362267056,,,0.04449250586593964,,,,22,112.28586892201565,,,,,,,,,
corrupted_held_sequence_tau75_macro,macro_mean,combined,confidence_only,0.903277417698944,,,0.04698069213131117,0.8906555591369211,,,0.03173088121327398,,,,7,713.9475502461428,,,,,,,,,
corrupted_held_sequence_tau75_macro,macro_mean,combined,full,0.9410744437902242,,,0.043540709878680146,0.9353272917367687,,,0.03056500161361142,,,,22,696.0359835649142,,,,,,,,,
clean_loso_tau75_micro,micro_pool,clean_only,full,0.7328256127092815,0.6940964110008992,0.7715633886075918,,0.22303856064238314,0.1717240863471939,0.2873136288093253,,2400,172,0.07166666666666667,,,,,,,,,,1000,1000
clean_loso_tau75_micro,micro_pool,clean_only,confidence_only,0.7252567742474219,0.679386946405562,0.7666408086736266,,0.24367203741069465,0.1886154290832379,0.3087806430277891,,2400,172,0.07166666666666667,,,,,,,,,,1000,1000
corrupted_held_sequence_tau75_micro,micro_pool,clean_only,full,0.8347676857329713,0.8297262514816305,0.8403695980121412,,0.7629008716176905,0.7527232917991814,0.772463712222797,,24750,9264,0.3743030303030303,,,,,,,,,,1000,1000
corrupted_held_sequence_tau75_micro,micro_pool,clean_only,confidence_only,0.8101014570350132,0.8046610269516529,0.815907987739444,,0.7398389437035033,0.7304704105517278,0.7489374435260752,,24750,9264,0.3743030303030303,,,,,,,,,,1000,1000
corrupted_held_sequence_tau75_micro,micro_pool,combined,full,0.9331238748263795,0.9298495704476681,0.9367428827989474,,0.9277443306129008,0.924183848528741,0.9311114852307705,,24750,9264,0.3743030303030303,,,,,,,,,,1000,1000
corrupted_held_sequence_tau75_micro,micro_pool,combined,confidence_only,0.8939344582114058,0.8897960505052886,0.8981970036432013,,0.8816798885629569,0.8767182902860833,0.8864587335983136,,24750,9264,0.3743030303030303,,,,,,,,,,1000,1000
