dataset,alpha,scope,group,group_label,method,miss_rate_mean,miss_rate_std,miss_rate_ci_lo,miss_rate_ci_hi,miss_rate_n,failure_recall_mean,failure_recall_std,failure_recall_ci_lo,failure_recall_ci_hi,failure_recall_n,false_alarm_rate_mean,false_alarm_rate_std,false_alarm_rate_ci_lo,false_alarm_rate_ci_hi,false_alarm_rate_n,alarm_rate_mean,alarm_rate_std,alarm_rate_ci_lo,alarm_rate_ci_hi,alarm_rate_n,alarms_per_minute_mean,alarms_per_minute_std,alarms_per_minute_ci_lo,alarms_per_minute_ci_hi,alarms_per_minute_n,false_alarms_per_minute_mean,false_alarms_per_minute_std,false_alarms_per_minute_ci_lo,false_alarms_per_minute_ci_hi,false_alarms_per_minute_n,precision_mean,precision_std,precision_ci_lo,precision_ci_hi,precision_n,prevalence_mean,prevalence_std,prevalence_ci_lo,prevalence_ci_hi,prevalence_n
corrupted_by_severity,0.05,overall,all,all,global,0.050520695389549404,0.00468269597121203,0.040785084224903255,0.06072154393519838,200,0.9494793046104506,0.00468269597121203,0.9392784560648015,0.9592149157750968,200,0.3511408549060259,0.010007769962344426,0.3353783711502043,0.3709228255245678,200,0.5750092929292929,0.008047187595750701,0.5602969696969697,0.5918404040404041,200,862.5139393939395,12.070781393626053,840.4454545454546,887.760606060606,200,329.64303030303034,9.555964949480636,314.74242424242425,350.07272727272726,200,0.6178795198480853,0.006410172968523806,0.6023285640778656,0.6287726325871582,200,0.37415030303030306,0.00294708954081055,0.36783434343434346,0.37931515151515155,200
corrupted_by_severity,0.05,overall,all,all,mondrian,0.049690427625695664,0.0041342990124394515,0.04142082961781112,0.058462274407479885,200,0.9503095723743042,0.004134299012439452,0.9415377255925201,0.958579170382189,200,0.4779005329088531,0.01455877789607297,0.45251934596009047,0.504917469057731,200,0.6546521212121212,0.010319782807410395,0.6367393939393939,0.6738686868686868,200,981.9781818181817,15.479674211115597,955.1090909090909,1010.8030303030303,200,448.6406060606061,13.82582126676903,424.3090909090909,474.42727272727274,200,0.5432238322765126,0.0075311347125983485,0.5292141446912961,0.5568530904859107,200,0.37415030303030306,0.00294708954081055,0.36783434343434346,0.37931515151515155,200
corrupted_by_severity,0.05,per_group,1,severity 1,global,0.2858736440374019,0.0311199397092281,0.2257805563776265,0.3434494022796775,200,0.714126355962598,0.031119939709228103,0.6565505977203225,0.7742194436223735,200,0.2896327160590139,0.011095796286353788,0.27056922917911824,0.31249747610145834,200,0.3247093324953967,0.012123845880160494,0.30376924930788013,0.35055147817315363,200,487.06399874309517,18.185768820240742,455.6538739618202,525.8272172597304,200,398.55436364705247,15.331359954172115,372.37877821982937,430.4813121567415,200,0.1816983289952439,0.009539185077381307,0.164220376820186,0.2000359712230216,200,0.0826181308107592,0.0039050582093835356,0.07552794413545874,0.09003178714386625,200
corrupted_by_severity,0.05,per_group,1,severity 1,mondrian,0.047698145974859926,0.020996297238942335,0.013749532943081332,0.08975707547169814,200,0.9523018540251401,0.020996297238942335,0.9102429245283019,0.9862504670569187,200,0.6737367304480378,0.03102634471709445,0.6211002565716223,0.7358484657947686,200,0.6967437109370996,0.030246163847623797,0.6455079985011725,0.7577659135720863,200,1045.1155664056496,45.3692457714357,968.2619977517586,1136.6488703581294,200,927.0858089732839,42.31381320161392,852.1649712789821,1008.9226760236586,200,0.11300506139031338,0.00547200107291677,0.10264254077615298,0.12278386538750174,200,0.0826181308107592,0.0039050582093835356,0.07552794413545874,0.09003178714386625,200
corrupted_by_severity,0.05,per_group,2,severity 2,global,0.11424093197005139,0.014902246365972519,0.08585194266662972,0.14137294105185108,200,0.8857590680299486,0.01490224636597252,0.858627058948149,0.9141480573333702,200,0.38831824893279626,0.01257130551296419,0.36596358676295393,0.41392545563058725,200,0.48116890217956376,0.01226582400454041,0.46114969467195516,0.5051727550515527,200,721.7533532693457,18.398736006810612,691.7245420079327,757.7591325773291,200,473.76884154306344,15.843654284984094,443.93860040748933,507.5485534294741,200,0.34365197261340613,0.010638140268980195,0.32267585754757355,0.36404003904484733,200,0.18664023944933816,0.005559602093769585,0.17550151663614788,0.19647661906618005,200
corrupted_by_severity,0.05,per_group,2,severity 2,mondrian,0.04975433048011872,0.015042564112587736,0.026471119093352112,0.0860767482958849,200,0.9502456695198813,0.015042564112587736,0.9139232517041151,0.9735288809066479,200,0.5940561113875432,0.032249814838104754,0.5268029026213727,0.6438423726441116,200,0.6605239770525648,0.029234567780644687,0.5972383894536474,0.7029472024296227,200,990.7859655788474,43.85185167096702,895.8575841804712,1054.420803644434,200,724.7428530379932,39.139862913202954,642.3508723349871,786.3120221299235,200,0.26880943830201487,0.010093961473068586,0.2503906233130212,0.28764563701089807,200,0.18664023944933816,0.005559602093769585,0.17550151663614788,0.19647661906618005,200
corrupted_by_severity,0.05,per_group,3,severity 3,global,0.04429861490660522,0.00538149003761444,0.03482274312282061,0.055746378697198375,200,0.9557013850933948,0.005381490037614443,0.9442536213028017,0.9651772568771794,200,0.4495985161232659,0.011003923036793208,0.430469037277073,0.4692256489696873,200,0.6380828943594595,0.008298716952363217,0.6226923754872613,0.6543436040579256,200,957.124341539189,12.448075428544827,934.038563230892,981.5154060868882,200,423.2494138128019,11.615742554893815,401.69255580339234,447.24389476874035,200,0.5578176860187274,0.009513049945843908,0.5408024790178194,0.5783062393771589,200,0.37241546168453254,0.006850457069265806,0.35986723754386596,0.3867615312102874,200
corrupted_by_severity,0.05,per_group,3,severity 3,mondrian,0.049576358024270295,0.009161964139753514,0.034703550362976406,0.07085556796558286,200,0.9504236419757297,0.009161964139753512,0.9291444320344171,0.9652964496370235,200,0.43643767386485977,0.015554229575830006,0.4017961288765715,0.4644408748828371,200,0.6278596956305394,0.013021002922612032,0.595864708783691,0.6509296422136926,200,941.7895434458092,19.531504383918055,893.7970631755363,976.3944633205389,200,410.8609572495798,15.582558083798483,378.1914235803583,439.1840528337949,200,0.5638415155192871,0.010407901628333787,0.5436068053895923,0.584039250283668,200,0.37241546168453254,0.006850457069265806,0.35986723754386596,0.3867615312102874,200
corrupted_by_severity,0.05,per_group,4,severity 4,global,0.03288869665295092,0.004264784167445738,0.024405136065295333,0.04088386942697099,200,0.9671113033470491,0.004264784167445736,0.959116130573029,0.9755948639347047,200,0.2854743140630853,0.015114848024188506,0.25898645884507987,0.31737656600732883,200,0.6686037023586294,0.009048629870655432,0.6521702245636241,0.6877786635249322,200,1002.9055535379442,13.572944805983148,978.2553368454361,1031.6679952873983,200,187.5491879163745,10.626146322525923,170.54030447636399,209.22753290027458,200,0.8130522035775501,0.009153162514618179,0.7946445894122078,0.8288455656936298,200,0.5620550390735367,0.006724452592047565,0.5485748179102146,0.5738236910109646,200
corrupted_by_severity,0.05,per_group,4,severity 4,mondrian,0.050023223932754914,0.007815999395696964,0.03578531457955233,0.06555737157467884,200,0.9499767760672451,0.007815999395696964,0.9344426284253212,0.9642146854204476,200,0.1740128125148451,0.029205878494706388,0.12228484295163297,0.22992351184098084,200,0.6101500792959026,0.01781516388406327,0.5729005245902892,0.6437580329855825,200,915.2251189438538,26.7227458260949,859.3507868854338,965.6370494783738,200,114.31360285357763,19.229260399444446,78.5408216216077,148.20336309583095,200,0.875554363804088,0.01772300103776791,0.8433571177915546,0.9111597383664228,200,0.5620550390735367,0.006724452592047565,0.5485748179102146,0.5738236910109646,200
corrupted_by_severity,0.05,per_group,5,severity 5,global,0.021873473212209834,0.0034204143488379786,0.015755911559773964,0.02956584032256135,200,0.9781265267877902,0.0034204143488379803,0.9704341596774386,0.984244088440226,200,0.33080487603443665,0.015568396857658434,0.30323723071161374,0.36488852958921947,200,0.7627772549674292,0.00818214640168928,0.7455338146158548,0.7787227803430302,200,1144.165882451144,12.273219602533915,1118.300721923782,1168.0841705145453,200,165.08108146078703,8.652106936733484,150.04134485661547,182.11380064864656,200,0.8557366267911181,0.0070449798918948425,0.8429285651367256,0.8681975545016928,200,0.6673184528726772,0.007488354906768046,0.6514936952343501,0.6808964577773753,200
corrupted_by_severity,0.05,per_group,5,severity 5,mondrian,0.04973818984479406,0.007841309026922006,0.03475058739445089,0.06500778912243159,200,0.9502618101552059,0.007841309026922006,0.9349922108775685,0.9652494126055491,200,0.13184030911157898,0.018262821266518858,0.09675209898365002,0.16510130361997935,200,0.6779825154678621,0.013006426631860872,0.6514968166216243,0.7041053178962207,200,1016.9737732017934,19.509639947791314,977.2452249324364,1056.157976844331,200,65.77634623999815,9.128196284416617,48.51577145893602,83.23756732181576,200,0.9354312723383802,0.00805278490078061,0.92099087840997,0.9504736472789647,200,0.6673184528726772,0.007488354906768046,0.6514936952343501,0.6808964577773753,200
corrupted_by_severity,0.1,overall,all,all,global,0.10006070976363528,0.005954056403209258,0.08865505537303367,0.11067798646455587,200,0.8999392902363647,0.005954056403209259,0.8893220135354442,0.9113449446269664,200,0.17608298152760885,0.008394985595504854,0.16283978713637304,0.19374356333676623,200,0.44697535353535356,0.00778251781576494,0.4337474747474747,0.4626585858585858,200,670.4630303030302,11.67377672364741,650.6212121212121,693.9878787878788,200,165.27757575757576,7.870259626797884,152.44848484848487,182.42424242424244,200,0.75360137951952,0.007920207167991376,0.7364263907107359,0.7681630275219693,200,0.37423595959595957,0.002966912568094255,0.36888282828282826,0.3798888888888889,200
corrupted_by_severity,0.1,overall,all,all,mondrian,0.09918707207780443,0.0061204148020377784,0.08796737956645946,0.11020481725934404,200,0.9008129279221956,0.006120414802037779,0.8897951827406559,0.9120326204335406,200,0.34238089827648777,0.012367413485624583,0.3148848484629454,0.36273100910450085,200,0.5513668686868687,0.009192187461952677,0.5322989898989899,0.5665717171717172,200,827.050303030303,13.788281192929022,798.4484848484848,849.8575757575758,200,321.3763636363636,11.760873623716103,295.830303030303,340.90909090909093,200,0.6115326808268433,0.008646743495288059,0.5964921821036107,0.6278968986408283,200,0.37423595959595957,0.002966912568094255,0.36888282828282826,0.3798888888888889,200
corrupted_by_severity,0.1,per_group,1,severity 1,global,0.5050081193053427,0.030405399413357372,0.4483392951775305,0.5714457417582417,200,0.4949918806946573,0.030405399413357372,0.4285542582417583,0.5516607048224695,200,0.1276698287695689,0.010012473046339765,0.1102662788634898,0.1479311396524701,200,0.1580170271406382,0.010712743470766265,0.13866636357356935,0.17981315877594384,200,237.02554071095727,16.069115206149398,207.999545360354,269.71973816391574,200,175.6943437638654,13.928721204096663,151.78954952184435,204.55427935266644,200,0.25915947511389037,0.017871615218084835,0.22752771832828012,0.2946759689922481,200,0.0826108028183042,0.004224301864915308,0.07520724023283504,0.09049162120289203,200
corrupted_by_severity,0.1,per_group,1,severity 1,mondrian,0.09339436790077803,0.029770904549666494,0.043876306620209055,0.16450102574283637,200,0.9066056320992221,0.02977090454966649,0.8354989742571637,0.9561236933797909,200,0.5872574596399497,0.029650506736619852,0.5027822185040932,0.6267106005906311,200,0.6136400522625309,0.02956969067603707,0.5318058974493269,0.6531176782631961,200,920.4600783937966,44.35453601405559,797.7088461739904,979.676517394794,200,808.1093803363776,40.83678472809505,691.5308457288011,865.3024274129098,200,0.12214704086114468,0.006547366331138326,0.11110026041666667,0.13390473768846373,200,0.0826108028183042,0.004224301864915308,0.07520724023283504,0.09049162120289203,200
corrupted_by_severity,0.1,per_group,2,severity 2,global,0.22467889808873864,0.017377346970983622,0.18956231918054578,0.2583280413680486,200,0.7753211019112614,0.017377346970983622,0.7416719586319513,0.8104376808194542,200,0.20968384347222216,0.00884121683020613,0.19452590420332355,0.22603016313640295,200,0.31543821910385655,0.009223083246914865,0.2994195195583591,0.3329787843910269,200,473.1573286557848,13.834624870372291,449.12927933753866,499.4681765865404,200,255.72067661691858,11.044937997366468,235.94376411631845,275.9757176419836,200,0.4596664949909243,0.012854254519859219,0.43471179442853136,0.4836230461995989,200,0.1869837794669494,0.005308277224644543,0.17683974772006344,0.19776051323426413,200
corrupted_by_severity,0.1,per_group,2,severity 2,mondrian,0.10079504748103599,0.020390813190977262,0.0685101021136506,0.14470182400699022,200,0.8992049525189639,0.020390813190977262,0.8552981759930098,0.9314898978863494,200,0.41388294608605875,0.02303498099088269,0.369761571811303,0.4567529745949747,200,0.5046381823664445,0.022096986159683356,0.46117933422779855,0.5459433077348184,200,756.9572735496665,33.145479239525024,691.7690013416978,818.9149616022275,200,504.76695086944585,28.746661943450153,445.28023707933335,556.172454210472,200,0.33349906692109854,0.012023343536082793,0.314909925259547,0.3581883293460333,200,0.1869837794669494,0.005308277224644543,0.17683974772006344,0.19776051323426413,200
corrupted_by_severity,0.1,per_group,3,severity 3,global,0.09159578718191776,0.008764096320229436,0.0747496604671128,0.10758082047308495,200,0.9084042128180824,0.00876409632022944,0.892419179526915,0.9252503395328873,200,0.285962627806158,0.012557790702505891,0.2629132936852822,0.31204561313944834,200,0.517308925977125,0.011554361529133616,0.4973691828912282,0.5404011215862774,200,775.9633889656875,17.33154229370043,746.0537743368423,810.6016823794162,200,269.4861756579719,11.777271367879363,247.02734618552464,296.16409544545,200,0.6527981316101855,0.010324822205315264,0.6292092948513005,0.6727305771772654,200,0.3716959501961897,0.0071721880929837434,0.35869691002536264,0.386987100813507,200
corrupted_by_severity,0.1,per_group,3,severity 3,mondrian,0.0991254850718396,0.014305772301015065,0.07189151747655584,0.13162268782326644,200,0.9008745149281603,0.014305772301015067,0.8683773121767335,0.9281084825234442,200,0.26549885879865437,0.02060007389546259,0.22401068485862244,0.30775056938175493,200,0.5016595454388786,0.01859025771593123,0.46431102313343925,0.5369950224979936,200,752.489318158318,27.88538657389685,696.4665347001588,805.4925337469904,200,250.21392774932406,19.53105224444931,212.59740619921686,288.8832033941617,200,0.667914395840163,0.015317252170782903,0.639986740045064,0.6944609313473454,200,0.3716959501961897,0.0071721880929837434,0.35869691002536264,0.386987100813507,200
corrupted_by_severity,0.1,per_group,4,severity 4,global,0.0614962478986436,0.005369698933214544,0.05198310423825888,0.07164649122807017,200,0.9385037521013564,0.005369698933214546,0.9283535087719298,0.9480168957617411,200,0.09977434040977172,0.009465071907620774,0.08460360143060607,0.12117309783295827,200,0.5711930262120198,0.008293195025057142,0.555547419804742,0.5877117686190911,200,856.7895393180297,12.439792537585715,833.321129707113,881.5676529286367,200,65.53665333239167,6.223015379147495,54.854188641124296,78.5075060445687,200,0.9235533532633304,0.0066562189847348,0.909140526481715,0.9359335134209094,200,0.5620672727410619,0.006541424811293415,0.5503310195898774,0.5743693924399883,200
corrupted_by_severity,0.1,per_group,4,severity 4,mondrian,0.10031019617666992,0.011249484905839458,0.07986858423810025,0.12330303837184389,200,0.8996898038233302,0.01124948490583946,0.876696961628156,0.9201314157618998,200,0.03001033253246104,0.010369986284438864,0.015988379222572006,0.05232619507657078,200,0.5188316683715801,0.01205729260997597,0.4951711954290968,0.5429192774523263,200,778.2475025573701,18.085938914963947,742.7567931436452,814.3789161784894,200,19.71363466567367,6.817028407061255,10.436612585050085,34.28873631293492,200,0.9748186737773716,0.008204228120001045,0.9573444982019005,0.9863737170625709,200,0.5620672727410619,0.006541424811293415,0.5503310195898774,0.5743693924399883,200
corrupted_by_severity,0.1,per_group,5,severity 5,global,0.052212491219754235,0.005171793079870398,0.04250819352686607,0.062139128955026844,200,0.9477875087802456,0.005171793079870401,0.9378608710449732,0.9574918064731339,200,0.12009076357814674,0.011987728116022915,0.09863866057433138,0.1421654411764706,200,0.6728587869143946,0.008258328442627565,0.6553076134023572,0.6902271869437214,200,1009.288180371592,12.387492663941341,982.9614201035359,1035.340780415582,200,59.83049143421567,6.026893806697845,48.923169354891954,69.46177134548793,200,0.9407500304039373,0.005616368969712362,0.9312761446014498,0.9508686221954331,200,0.6678437408928174,0.006662537758858135,0.6538565665119551,0.6813496040865549,200
corrupted_by_severity,0.1,per_group,5,severity 5,mondrian,0.09854130646366242,0.010747949970443734,0.07699679714434166,0.1195917685005507,200,0.9014586935363376,0.01074794997044373,0.8804082314994494,0.9230032028556583,200,0.04846036982229151,0.006630839830443105,0.036416799857659256,0.06065729042806183,200,0.6181263269222793,0.00979350674404821,0.5990539244168452,0.6365248162853797,200,927.1894903834191,14.690260116072322,898.5808866252678,954.7872244280695,200,24.147633886442172,3.3499757172931175,18.1417056519819,30.435241937854602,200,0.9739757123517987,0.0034225221354069204,0.9672196072155556,0.9806294305246372,200,0.6678437408928174,0.006662537758858135,0.6538565665119551,0.6813496040865549,200
corrupted_by_severity,0.2,overall,all,all,global,0.19900267890949713,0.008648811442964472,0.18420051836513984,0.21627971030265264,200,0.8009973210905028,0.00864881144296447,0.7837202896973474,0.8157994816348602,200,0.050584879445156564,0.004425392355456783,0.0422634436401241,0.0576787471211182,200,0.3314743434343434,0.006264067595625629,0.31990101010101013,0.3435171717171717,200,497.2115151515152,9.39610139343845,479.8515151515152,515.2757575757576,200,47.47636363636364,4.171049111279467,39.63333333333333,54.2030303030303,200,0.9046204956129651,0.006869988402382141,0.8931325554069961,0.9174822532758525,200,0.3743127272727273,0.0030325816079802884,0.3683939393939394,0.3798848484848485,200
corrupted_by_severity,0.2,overall,all,all,mondrian,0.19909425948537618,0.00796564041846581,0.18362929660639254,0.2147137920673797,200,0.8009057405146239,0.00796564041846581,0.7852862079326204,0.8163707033936075,200,0.2097912502815195,0.010913864162413741,0.1878362422423544,0.22991016453572796,200,0.43105333333333334,0.00833906262555396,0.4148545454545455,0.4459919191919192,200,646.58,12.508593938330941,622.2818181818182,668.9878787878788,200,196.8981818181818,10.337363046129061,176.46363636363637,215.65454545454546,200,0.69564097486066,0.011029605738587576,0.6766545278151862,0.716494060122851,200,0.3743127272727273,0.0030325816079802884,0.3683939393939394,0.3798848484848485,200
corrupted_by_severity,0.2,per_group,1,severity 1,global,0.8338453147622836,0.02643950036349094,0.7777777777777778,0.8810788304959289,200,0.16615468523771654,0.026439500363490943,0.11892116950407108,0.2222222222222222,200,0.009789894848461595,0.002255947565866599,0.0058362793935133,0.0147345327004548,200,0.022664269991002337,0.003622079444816972,0.01589994507578492,0.028631008394806694,200,33.99640498650351,5.433119167225458,23.849917613677377,42.94651259221004,200,13.47813437380988,3.118080915802636,8.019672906979787,20.320362704117393,200,0.6056992642910309,0.053567101264273165,0.49978813559322033,0.7083522727272727,200,0.08237358981182898,0.004003678404830085,0.07451169419264321,0.09096212576210827,200
corrupted_by_severity,0.2,per_group,1,severity 1,mondrian,0.19236479084430413,0.0369407277775436,0.12176100049972384,0.26512102515424774,200,0.8076352091556959,0.036940727777543605,0.7348789748457523,0.8782389995002762,200,0.4198125679461747,0.03356168740179125,0.36384367315594696,0.47877605670315687,200,0.4517599219107396,0.033898338845715234,0.39470632032298025,0.5107054340911944,200,677.6398828661092,50.84750826857285,592.0594804844704,766.0581511367915,200,577.8314342127028,46.05554168733856,497.92085451459195,657.0113708357125,200,0.1475677106889161,0.008008468691342882,0.13372441686611058,0.1661565493497922,200,0.08237358981182898,0.004003678404830085,0.07451169419264321,0.09096212576210827,200
corrupted_by_severity,0.2,per_group,2,severity 2,global,0.41549779639748363,0.019580721647842046,0.37553035305181226,0.45678323918234237,200,0.5845022036025164,0.019580721647842046,0.5432167608176577,0.6244696469481877,200,0.0820612617458131,0.006832944155676684,0.06769299138906307,0.09474282666134429,200,0.17621234349358855,0.008038392627428071,0.15953649408848208,0.19064483978947463,200,264.3185152403828,12.057588941142109,239.30474113272314,285.96725968421197,200,100.03982586580437,8.500578342354792,82.67632752330766,116.35782072426677,200,0.6219085281016778,0.021200250219877995,0.5841952153349516,0.6659573517371802,200,0.1873726380765203,0.005585585334476472,0.1778076790624233,0.19886708066459668,200
corrupted_by_severity,0.2,per_group,2,severity 2,mondrian,0.19736277932437332,0.027595885326050184,0.14685203094777563,0.25337243156415235,200,0.8026372206756267,0.027595885326050187,0.7466275684358478,0.8531479690522243,200,0.23938936924468346,0.018139993682912286,0.20400413304713524,0.27603085098011604,200,0.3449369351133551,0.019894140729547004,0.303481789514711,0.3826669628777723,200,517.4054026700327,29.841211094320506,455.22268427206654,574.0004443166584,200,291.8021884013492,22.2313240681925,248.88456766714506,335.7236960315199,200,0.436529288828969,0.014835436338350482,0.4084757854882459,0.4628931928795253,200,0.1873726380765203,0.005585585334476472,0.1778076790624233,0.19886708066459668,200
corrupted_by_severity,0.2,per_group,3,severity 3,global,0.21064675521317355,0.013089088652005006,0.1873682460030342,0.23593797934349117,200,0.7893532447868264,0.01308908865200501,0.7640620206565089,0.8126317539969657,200,0.10574780225964293,0.01135947328900274,0.085321282509105,0.12468220761480285,200,0.360188337485678,0.012008838379497828,0.3356207769987702,0.38103253575459883,200,540.282506228517,18.01325756924674,503.4311654981552,571.5488036318982,200,99.57333359079308,10.71446158232747,80.02604676947195,117.3330355148537,200,0.8160493754003059,0.015160784203404429,0.7898187159680261,0.843546560204838,200,0.3722205524824909,0.007319261439375184,0.35864580716749,0.3864005191603795,200
corrupted_by_severity,0.2,per_group,3,severity 3,mondrian,0.20071953410621013,0.01838349968182475,0.1664505496788956,0.2362514808321092,200,0.79928046589379,0.01838349968182475,0.7637485191678908,0.8335494503211044,200,0.12078746573919734,0.01449322418478909,0.09020942951744558,0.14627752950771356,200,0.3733238136154838,0.015905655974206657,0.33926958684030684,0.3997751078375685,200,559.9857204232255,23.85848396130998,508.90438026046024,599.6626617563527,200,113.74619640389737,13.736169494407047,84.60646105191096,136.54145137817196,200,0.7974749891446351,0.01748183557975299,0.7706410060173537,0.8368797348484849,200,0.3722205524824909,0.007319261439375184,0.35864580716749,0.3864005191603795,200
corrupted_by_severity,0.2,per_group,4,severity 4,global,0.10941080533619005,0.007272361468696365,0.09598108233688657,0.1244843319797048,200,0.8905891946638098,0.007272361468696365,0.8755156680202952,0.9040189176631134,200,0.018982758266696872,0.0030571762508016763,0.013044518393644384,0.024707206732411113,200,0.5086395892896105,0.007309194310213025,0.49295515847227095,0.5211259985243113,200,762.9593839344158,10.963791465319533,739.4327377084064,781.6889977864669,200,12.476956852178619,2.0122195804944814,8.585182698429817,16.187212165493516,200,0.9836514824021583,0.0025996962984624616,0.9792062420713658,0.9884050216330663,200,0.5617895909028737,0.0067916670089096885,0.5486344368399646,0.5746045631135331,200
corrupted_by_severity,0.2,per_group,4,severity 4,mondrian,0.19924685386810365,0.014777125617923369,0.17165250210816457,0.2276911905923839,200,0.8007531461318965,0.014777125617923367,0.7723088094076161,0.8283474978918354,200,0.0023091450238059623,0.0011339104675329164,0.0,0.004541948166672888,200,0.4508592420006961,0.00960537312649757,0.42992098736951384,0.4671010243054715,200,676.2888630010442,14.408059689746358,644.8814810542707,700.6515364582074,200,1.5177155792478356,0.7444124225383935,0.0,2.9904902874250125,200,0.9977565525258154,0.0010983678007907174,0.9956176866864318,1.0,200,0.5617895909028737,0.0067916670089096885,0.5486344368399646,0.5746045631135331,200
corrupted_by_severity,0.2,per_group,5,severity 5,global,0.12894010306492312,0.008387674064079934,0.11343728698023177,0.14381671821013375,200,0.8710598969350769,0.00838767406407993,0.8561832817898662,0.8865627130197682,200,0.023713985721135387,0.004129814254068216,0.015561806323658415,0.031777039848197346,200,0.5889532408179917,0.008833000738713591,0.571408674890569,0.60540229038607,200,883.4298612269876,13.249501108070396,857.1130123358536,908.1034355791049,200,11.849975484855761,2.114621623921199,7.7926964794945475,15.879576930373744,200,0.9865907889699302,0.002359032280078195,0.9821130057557248,0.9912592066893555,200,0.6670589112756748,0.007062660501931049,0.6529661087258624,0.6802692703486833,200
corrupted_by_severity,0.2,per_group,5,severity 5,mondrian,0.19940724952412364,0.014295913716047548,0.1708140935012603,0.2282022161262413,200,0.8005927504758763,0.014295913716047548,0.7717977838737587,0.8291859064987397,200,0.0006577993888887109,0.0007316336952280842,0.0,0.0013737533290180946,200,0.5342747127913908,0.011690550963534867,0.5102384861667831,0.5567808100623125,200,801.4120691870863,17.535826445302302,765.3577292501747,835.1712150934688,200,0.329472121148456,0.36548373549470586,0.0,0.6394263899191244,200,0.9995897641136193,0.00044815464977312434,0.9991918042631197,1.0,200,0.6670589112756748,0.007062660501931049,0.6529661087258624,0.6802692703486833,200
clean_by_quality,0.05,overall,all,all,global,0.04262946412062374,0.043657328256717656,0.0,0.15621212121212136,200,0.9573705358793763,0.04365732825671765,0.8437878787878788,1.0,200,0.57383039054418,0.08426474605868048,0.4329842761847007,0.6694927307562267,200,0.6083238095238095,0.07998850484306778,0.4685238095238095,0.7010000000000001,200,912.4857142857144,119.98275726460167,702.7857142857143,1051.5000000000002,200,783.3857142857142,115.35325601589837,591.3571428571429,914.2857142857143,200,0.14333630218293347,0.020524131469633538,0.11076203966005665,0.18259003769952678,200,0.0898952380952381,0.009197648324103153,0.07423809523809524,0.11238095238095239,200
clean_by_quality,0.05,overall,all,all,mondrian,0.05982738578468179,0.049004066855317455,0.0,0.15592198581560293,200,0.9401726142153183,0.049004066855317455,0.8440780141843972,1.0,200,0.45647330740646597,0.03558151755093418,0.3576512377963738,0.5083887130801688,200,0.4999714285714286,0.03582926380941586,0.40176190476190476,0.5523809523809524,200,749.9571428571428,53.74389571412378,602.6428571428572,828.5714285714287,200,623.1857142857143,49.389891967602324,488.50000000000006,697.2142857142858,200,0.1693427801305393,0.017975129292151604,0.1353861070868043,0.21054333030852992,200,0.0898952380952381,0.009197648324103153,0.07423809523809524,0.11238095238095239,200
clean_by_quality,0.05,per_group,0,low-quality blur<p33,global,0.08164553386217573,0.07447262462998573,0.0,0.27331649831649846,200,0.9183544661378243,0.07447262462998572,0.7266835016835017,1.0,200,0.6837259553550125,0.0894796325553087,0.5216890732265446,0.7986588076353177,200,0.7134311024309409,0.08551914781496561,0.5481167257132202,0.8198089700996678,200,1070.146653646411,128.2787217224484,822.1750885698303,1229.7134551495017,200,896.6793455352761,121.76322648595311,668.4570557929128,1057.0370715350223,200,0.16346593995367742,0.02770026276867203,0.11675322852330151,0.22036622276029055,200,0.12608137590680665,0.018931541847205965,0.09390016703070796,0.16186973326833345,200
clean_by_quality,0.05,per_group,0,low-quality blur<p33,mondrian,0.04928077747537811,0.07076961405127669,0.0,0.25929951690821257,200,0.9507192225246218,0.07076961405127669,0.7407004830917874,1.0,200,0.7593485882520072,0.0698901971150545,0.5293343653250774,0.8441809803100125,200,0.7834895124055052,0.06899198860331077,0.554741027399497,0.8613245838466155,200,1175.2342686082577,103.48798290496615,832.1115410992456,1291.9868757699232,200,995.5604953890163,95.91063898277183,702.0953757225434,1129.4144223954643,200,0.15326152875677715,0.023303880403907067,0.11329605263157894,0.1968894513185852,200,0.12608137590680665,0.018931541847205965,0.09390016703070796,0.16186973326833345,200
clean_by_quality,0.05,per_group,1,mid-quality,global,0.013814413720953968,0.03450017076596035,0.0,0.13357142857142862,200,0.9861855862790461,0.03450017076596035,0.8664285714285714,1.0,200,0.6431360098088256,0.07407725786303627,0.4999233128834356,0.7470679012345679,200,0.6720957401865626,0.06978081411692848,0.5433744504152418,0.7711054745296978,200,1008.1436102798439,104.67122117539272,815.0616756228628,1156.6582117945466,200,883.229933886475,102.23085673070341,688.094018506279,1019.3623120904535,200,0.12480470809821721,0.023928663005542323,0.08205751545303784,0.17149068322981367,200,0.08439258964580379,0.014761048432611288,0.05482188703465982,0.11183944069431054,200
clean_by_quality,0.05,per_group,1,mid-quality,mondrian,0.06503829529603523,0.08529971035282019,0.0,0.294264705882353,200,0.9349617047039648,0.08529971035282019,0.705735294117647,1.0,200,0.5070670227707045,0.07390171546122878,0.3576224611708483,0.5941420064958499,200,0.5432914782290678,0.07329948576214967,0.39973837209302326,0.6258230134158927,200,814.9372173436016,109.94922864322453,599.607558139535,938.734520123839,200,696.6603386243936,103.50988155256427,475.07982272207397,818.2190760059614,200,0.14668597711135573,0.029280400206302928,0.09715015723270441,0.20923134328358214,200,0.08439258964580379,0.014761048432611288,0.05482188703465982,0.11183944069431054,200
clean_by_quality,0.05,per_group,2,high-quality blur>p67,global,0.0,0.0,0.0,0.0,200,1.0,0.0,1.0,1.0,200,0.4039163157403831,0.09620791256882602,0.2363453500522466,0.5229775742632383,200,0.43919726261131814,0.09199785404438103,0.27482769423558895,0.5556201550387597,200,658.7958939169771,137.99678106657151,412.24154135338347,833.4302325581394,200,569.5537658231441,134.89433058155655,336.13505747126436,745.7200772200772,200,0.1409607658898574,0.04042447734096553,0.0794798951048951,0.22468112244897964,200,0.059494752062555306,0.012852561200304365,0.037685309973045825,0.08623195669607057,200
clean_by_quality,0.05,per_group,2,high-quality blur>p67,mondrian,0.0704172841047841,0.09678392284996076,0.0,0.3339285714285715,200,0.9295827158952159,0.09678392284996076,0.6660714285714286,1.0,200,0.12610207473773016,0.01876988710438741,0.08859542356377799,0.16026234567901235,200,0.17376996189512553,0.021719741910670137,0.12779572207866782,0.21265545505935557,200,260.6549428426883,32.579612866005206,191.69358311800173,318.98318258903333,200,177.92234134089296,26.724243496497753,121.875,223.26976672171762,200,0.31719786104395264,0.062322650300657326,0.19439102564102564,0.43494245524296676,200,0.059494752062555306,0.012852561200304365,0.037685309973045825,0.08623195669607057,200
clean_by_quality,0.1,overall,all,all,global,0.09056337705450782,0.05624823483455838,0.0,0.19627851140456187,200,0.9094366229454923,0.05624823483455838,0.8037214885954382,1.0,200,0.4475607044382638,0.03736429182434163,0.3668884278956687,0.500207468879668,200,0.4898,0.03786472999742343,0.39995238095238095,0.5392857142857143,200,734.7,56.79709499613515,599.9285714285714,808.9285714285716,200,609.9,50.89795914275896,497.0,686.0714285714287,200,0.17011079904047527,0.016389217907986465,0.1377890554108246,0.20004484304932738,200,0.09151428571428573,0.008614279133430849,0.07238095238095238,0.10671428571428573,200
clean_by_quality,0.1,overall,all,all,mondrian,0.07653462774375705,0.05475993595179857,0.0,0.22005555555555556,200,0.923465372256243,0.054759935951798566,0.7799444444444444,1.0,200,0.43597453381834284,0.04023561178398282,0.3504019121577597,0.4947605375209969,200,0.4806285714285714,0.040414231569815655,0.3942380952380952,0.540952380952381,200,720.9428571428571,60.6213473547235,591.3571428571429,811.4285714285714,200,594.1285714285715,55.18369879090109,479.4285714285715,677.1428571428572,200,0.17639457188471083,0.0189818175169389,0.14028252106486017,0.21518987341772153,200,0.09151428571428573,0.008614279133430849,0.07238095238095238,0.10671428571428573,200
clean_by_quality,0.1,per_group,0,low-quality blur<p33,global,0.15917963438434804,0.101477517408115,0.0,0.4,200,0.8408203656156519,0.10147751740811502,0.6,1.0,200,0.5547926293131661,0.048139002774113114,0.4450753424657534,0.6210753866764097,200,0.591741822058443,0.05130704074621806,0.46845352839931154,0.6630242089210827,200,887.6127330876642,76.9605611193271,702.6802925989673,994.5363133816242,200,724.7550106561688,64.36275286915344,566.8318106312292,821.8113709930041,200,0.18319698323478117,0.028035330284687063,0.12493622448979592,0.23216452843273233,200,0.12912501651865513,0.018032631273194606,0.093153324131585,0.15983899821109127,200
clean_by_quality,0.1,per_group,0,low-quality blur<p33,mondrian,0.07576510145875635,0.07679523584750553,0.0,0.2778333333333334,200,0.9242348985412437,0.07679523584750553,0.7221666666666666,1.0,200,0.7070409810738688,0.08329668205133765,0.5296660474882895,0.8080899592776932,200,0.7351251390937108,0.0811906700656487,0.5587100840336134,0.8360758841117641,200,1102.687708640566,121.78600509847304,838.0651260504202,1254.113826167646,200,923.4450739935456,108.93593387555848,685.6349206349206,1053.5957792207791,200,0.16303918280550886,0.02415861642597382,0.11343829787234043,0.20896943852167732,200,0.12912501651865513,0.018032631273194606,0.093153324131585,0.15983899821109127,200
clean_by_quality,0.1,per_group,1,mid-quality,global,0.05378036327707379,0.05347489002489334,0.0,0.16666666666666666,200,0.9462196367229262,0.05347489002489334,0.8333333333333334,1.0,200,0.5342126119518973,0.040854458566704055,0.4544875506658946,0.6000602409638555,200,0.569287306012923,0.03895086133770141,0.49187783158881426,0.6278186274509804,200,853.9309590193844,58.42629200655211,737.8167473832214,941.7279411764707,200,733.3578717227153,57.61854297354252,614.7442884548309,820.9068627450981,200,0.14148336315249088,0.025912787645982937,0.08561224489795918,0.2,200,0.08488199305230314,0.014544357205787893,0.05232558139534884,0.11475880912003016,200
clean_by_quality,0.1,per_group,1,mid-quality,mondrian,0.06930474992413846,0.0922657638416299,0.0,0.3125822368421053,200,0.9306952500758616,0.0922657638416299,0.6874177631578947,1.0,200,0.496898905933333,0.08337852564659885,0.2817901234567901,0.5903889950044079,200,0.5337750679482167,0.0829081336036999,0.3271743295019157,0.6265111561866126,200,800.6626019223252,124.36220040554987,490.76149425287355,939.7667342799189,200,682.2353624020147,114.94061287121875,378.9942528735632,809.7214810396786,200,0.1505868817846436,0.035121481379306756,0.09853639911759715,0.22053226286054123,200,0.08488199305230314,0.014544357205787893,0.05232558139534884,0.11475880912003016,200
clean_by_quality,0.1,per_group,2,high-quality blur>p67,global,0.0,0.0,0.0,0.0,200,1.0,0.0,1.0,1.0,200,0.26169627409877116,0.04061849132834288,0.19873068034089267,0.31466298411122146,200,0.3066186972492678,0.040225291008753876,0.24576675658850383,0.3630960694333599,200,459.92804587390174,60.33793651313082,368.65013488275576,544.6441041500399,200,368.51643766984233,56.53945905373071,278.61786319954774,449.43085527059094,200,0.20007646087266592,0.03767555921747739,0.125,0.2758804108584006,200,0.06094107213603954,0.011645458943487393,0.036574346165148396,0.0802899210686096,200
clean_by_quality,0.1,per_group,2,high-quality blur>p67,mondrian,0.08516296203796202,0.11924188714568515,0.0,0.36704545454545534,200,0.914837037962038,0.11924188714568515,0.6329545454545455,1.0,200,0.12461640494977803,0.0191105000757715,0.09021175539283594,0.15723270440251572,200,0.17260601070994505,0.023129299827994353,0.12087912087912088,0.21085800344234082,200,258.9090160649176,34.69394974199153,181.3186813186813,316.2870051635112,200,175.53950959303813,26.99741731579227,125.60819150318306,221.60669191919192,200,0.32145455125328953,0.05747879541023648,0.20672413793103447,0.4375625,200,0.06094107213603954,0.011645458943487393,0.036574346165148396,0.0802899210686096,200
clean_by_quality,0.2,overall,all,all,global,0.1819854778951154,0.08120303946111654,0.04872376630743052,0.34904485049833894,200,0.8180145221048847,0.08120303946111654,0.6509551495016612,0.9512762336925694,200,0.3205024907708099,0.05504335427351047,0.2231058068725533,0.43432896195380105,200,0.36566666666666664,0.05728282461143875,0.26085714285714284,0.4838571428571429,200,548.5,85.92423691715813,391.2857142857143,725.7857142857143,200,437.0,74.76589312989049,305.64285714285717,588.7142857142858,200,0.20503507801558882,0.022761824227307163,0.16523934721938602,0.25949671372930866,200,0.09092380952380953,0.00956463155959226,0.07233333333333333,0.10861904761904763,200
clean_by_quality,0.2,overall,all,all,mondrian,0.16570552160210428,0.08276930476080636,0.04535984848484849,0.36562500000000003,200,0.8342944783978956,0.08276930476080636,0.634375,0.9546401515151516,200,0.33401693858641024,0.04288881510255626,0.24772893434103202,0.40772476598699414,200,0.3794666666666667,0.045945115635872016,0.28547619047619044,0.4552380952380952,200,569.2,68.91767345380802,428.2142857142858,682.8571428571429,200,455.4000000000001,57.93084547236349,336.92857142857144,548.8571428571429,200,0.20043131200264191,0.021409783347240204,0.16048406566875906,0.24069503261104758,200,0.09092380952380953,0.00956463155959226,0.07233333333333333,0.10861904761904763,200
clean_by_quality,0.2,per_group,0,low-quality blur<p33,global,0.3037316391699602,0.12382353780893937,0.05874183006535948,0.5218535469107551,200,0.6962683608300398,0.12382353780893937,0.47814645308924486,0.9412581699346405,200,0.39674199106235347,0.07005412012611038,0.2715582358674464,0.5377948943661972,200,0.4345531681905053,0.07388841806595453,0.30141308967275815,0.5826750700280113,200,651.8297522857579,110.8326270989318,452.1196345091373,874.012605042017,200,520.095191952458,93.91920870558306,352.61212219694505,704.4130646557945,200,0.2029900011292684,0.033621186682612714,0.14986842105263157,0.27949168797953966,200,0.1265942514260662,0.01843987835943254,0.09507607776838546,0.16053992303992304,200
clean_by_quality,0.2,per_group,0,low-quality blur<p33,mondrian,0.1670889351619935,0.1281341990939502,0.0,0.4788043478260871,200,0.8329110648380065,0.1281341990939502,0.5211956521739131,1.0,200,0.5457902734561452,0.07322361499155276,0.37508846857840145,0.7162986156888597,200,0.5820747431177087,0.07802654097703943,0.3941583011583012,0.7556885822510823,200,873.1121146765629,117.03981146555913,591.2374517374517,1133.5328733766235,200,714.8946075885023,95.24158660274594,495.9256259204713,912.1448863636365,200,0.18069428553616837,0.02747999168223528,0.12380952380952381,0.23814285714285713,200,0.1265942514260662,0.01843987835943254,0.09507607776838546,0.16053992303992304,200
clean_by_quality,0.2,per_group,1,mid-quality,global,0.12337342417457509,0.08684742630137417,0.0,0.294264705882353,200,0.876626575825425,0.08684742630137417,0.705735294117647,1.0,200,0.39330632693452616,0.07186882582731362,0.2617988606485539,0.5372685025817556,200,0.4346213793232273,0.071791312606719,0.3059025551790457,0.5722395833333334,200,651.9320689848411,107.6869689100785,458.85383276856857,858.359375,200,539.1658870264022,97.41362999942169,353.8831523444856,734.5501077586207,200,0.17485397631810315,0.03285312950572174,0.12314665592264303,0.25,200,0.08574437944561382,0.014847103201775255,0.06021343438269206,0.11918650151122626,200
clean_by_quality,0.2,per_group,1,mid-quality,mondrian,0.1617890791754872,0.13628865611117236,0.0,0.5013888888888892,200,0.8382109208245129,0.13628865611117236,0.4986111111111111,1.0,200,0.35473291658114725,0.1002368643709633,0.14644289759320436,0.5415026056745802,200,0.39598410222747815,0.10371589101913439,0.1705805519700043,0.5886232247284878,200,593.9761533412172,155.5738365287016,255.87082795500646,882.9348370927319,200,486.1366296630216,135.47263472951477,199.96869581968795,728.7781954887218,200,0.18840795931317916,0.04607930498983588,0.13511496571198064,0.29411764705882354,200,0.08574437944561382,0.014847103201775255,0.06021343438269206,0.11918650151122626,200
clean_by_quality,0.2,per_group,2,high-quality blur>p67,global,0.005841450216450217,0.042194029332202926,0.0,0.0022727272727277896,200,0.9941585497835499,0.042194029332202926,0.9977272727272728,1.0,200,0.17591336975129634,0.035196227125224494,0.1179283538394588,0.24058341447581957,200,0.22524761392323278,0.03706595972014721,0.1645356037151703,0.2914345238095238,200,337.8714208848492,55.59893958022081,246.80340557275542,437.15178571428567,200,247.85035091506816,49.23848601223332,167.4499651931779,339.81746451847687,200,0.26889652499990185,0.05685403307748886,0.16666666666666666,0.37508445945945945,200,0.060360790839996056,0.013418140545213491,0.03272478887232986,0.08705533596837947,200
clean_by_quality,0.2,per_group,2,high-quality blur>p67,mondrian,0.16659481817202404,0.1525215430703055,0.0,0.5017857142857147,200,0.833405181827976,0.1525215430703055,0.4982142857142858,1.0,200,0.11537886802034596,0.02379040990997553,0.05959284593935169,0.156265318627451,200,0.1586961372263946,0.029878739205031236,0.09515775635407536,0.20862114670908127,200,238.04420583959188,44.81810880754685,142.73663453111305,312.9317200636219,200,162.64317559853734,33.65372100291326,83.32055214723927,219.13830138797093,200,0.31617094199221074,0.06902913002030071,0.18501984126984125,0.47058823529411764,200,0.060360790839996056,0.013418140545213491,0.03272478887232986,0.08705533596837947,200
