n,n_failures,n_correct,n_alarms,n_missed_failures,n_false_alarms,prevalence,miss_rate,failure_recall,false_alarm_rate,alarm_rate,alarms_per_minute,false_alarms_per_minute,precision,mean_score,threshold,coverage,risk
24750,9264,15486,163,9101,0,0.3743030303030303,0.9824050086355786,0.017594991364421442,0.0,0.006585858585858586,9.878787878787879,0.0,1.0,0.3722984194755554,0.9983310103416443,0.006585858585858586,0.9824050086355786
24750,9264,15486,423,8841,0,0.3743030303030303,0.9543393782383419,0.04566062176165808,0.0,0.01709090909090909,25.636363636363637,0.0,1.0,0.3722984194755554,0.9983115196228027,0.01709090909090909,0.9543393782383419
24750,9264,15486,527,8737,0,0.3743030303030303,0.9431131260794473,0.056886873920552694,0.0,0.021292929292929294,31.939393939393938,0.0,1.0,0.3722984194755554,0.998290479183197,0.021292929292929294,0.9431131260794473
24750,9264,15486,870,8394,0,0.3743030303030303,0.9060880829015544,0.0939119170984456,0.0,0.03515151515151515,52.72727272727273,0.0,1.0,0.3722984194755554,0.998263418674469,0.03515151515151515,0.9060880829015544
24750,9264,15486,990,8274,0,0.3743030303030303,0.8931347150259067,0.10686528497409331,0.0,0.04,60.0,0.0,1.0,0.3722984194755554,0.9982134580612183,0.04,0.8931347150259067
24750,9264,15486,1240,8024,0,0.3743030303030303,0.8661485319516408,0.13385146804835923,0.0,0.050101010101010104,75.15151515151516,0.0,1.0,0.3722984194755554,0.9981508851051331,0.050101010101010104,0.8661485319516408
24750,9264,15486,1492,7772,0,0.3743030303030303,0.8389464594127807,0.16105354058721932,0.0,0.060282828282828285,90.42424242424242,0.0,1.0,0.3722984194755554,0.9980000853538513,0.060282828282828285,0.8389464594127807
24750,9264,15486,1734,7530,0,0.3743030303030303,0.8128238341968912,0.1871761658031088,0.0,0.07006060606060606,105.0909090909091,0.0,1.0,0.3722984194755554,0.9978542923927307,0.07006060606060606,0.8128238341968912
24750,9264,15486,1980,7284,0,0.3743030303030303,0.7862694300518135,0.2137305699481865,0.0,0.08,120.0,0.0,1.0,0.3722984194755554,0.997688570022583,0.08,0.7862694300518135
24750,9264,15486,2228,7036,0,0.3743030303030303,0.7594991364421416,0.24050086355785838,0.0,0.09002020202020201,135.03030303030303,0.0,1.0,0.3722984194755554,0.997503457069397,0.09002020202020201,0.7594991364421416
24750,9264,15486,2475,6789,0,0.3743030303030303,0.7328367875647669,0.2671632124352331,0.0,0.1,150.0,0.0,1.0,0.3722984194755554,0.9971204578876496,0.1,0.7328367875647669
24750,9264,15486,2723,6541,0,0.3743030303030303,0.706066493955095,0.293933506044905,0.0,0.11002020202020202,165.03030303030303,0.0,1.0,0.3722984194755554,0.9965263891220093,0.11002020202020202,0.706066493955095
24750,9264,15486,2970,6294,0,0.3743030303030303,0.6794041450777202,0.3205958549222798,0.0,0.12,180.0,0.0,1.0,0.3722984194755554,0.9955481863021851,0.12,0.6794041450777202
24750,9264,15486,3218,6046,0,0.3743030303030303,0.6526338514680483,0.3473661485319517,0.0,0.130020202020202,195.03030303030303,0.0,1.0,0.3722984194755554,0.9949779713153839,0.130020202020202,0.6526338514680483
24750,9264,15486,3465,5799,0,0.3743030303030303,0.6259715025906736,0.3740284974093264,0.0,0.14,210.0,0.0,1.0,0.3722984194755554,0.9940455746650696,0.14,0.6259715025906736
24750,9264,15486,3715,5550,1,0.3743030303030303,0.5990932642487047,0.4009067357512953,6.457445434586077e-05,0.1501010101010101,225.15151515151516,0.06060606060606061,0.9997308209959623,0.3722984194755554,0.993139922618866,0.1501010101010101,0.5990932642487047
24750,9264,15486,3967,5298,1,0.3743030303030303,0.5718911917098446,0.4281088082901554,6.457445434586077e-05,0.16028282828282828,240.42424242424244,0.06060606060606061,0.9997479203428283,0.3722984194755554,0.9925628304481506,0.16028282828282828,0.5718911917098446
24750,9264,15486,4208,5057,1,0.3743030303030303,0.5458765112262521,0.45412348877374786,6.457445434586077e-05,0.17002020202020202,255.03030303030303,0.06060606060606061,0.9997623574144486,0.3722984194755554,0.9908234059810638,0.17002020202020202,0.5458765112262521
24750,9264,15486,4455,4812,3,0.3743030303030303,0.5194300518134715,0.48056994818652854,0.00019372336303758234,0.18,270.0,0.18181818181818182,0.9993265993265993,0.3722984194755554,0.9881647825241089,0.18,0.5194300518134715
24750,9264,15486,4704,4565,5,0.3743030303030303,0.49276770293609673,0.5072322970639033,0.00032287227172930386,0.19006060606060607,285.09090909090907,0.30303030303030304,0.998937074829932,0.3722984194755554,0.9848538637161255,0.19006060606060607,0.49276770293609673
24750,9264,15486,5048,4222,6,0.3743030303030303,0.45574265975820377,0.5442573402417963,0.0003874467260751647,0.20395959595959595,305.93939393939394,0.36363636363636365,0.998811410459588,0.3722984194755554,0.980140745639801,0.20395959595959595,0.45574265975820377
24750,9264,15486,5208,4063,7,0.3743030303030303,0.43857944732297066,0.5614205526770293,0.00045202118042102544,0.21042424242424243,315.6363636363636,0.42424242424242425,0.9986559139784946,0.3722984194755554,0.9784220457077026,0.21042424242424243,0.43857944732297066
24750,9264,15486,5445,3833,14,0.3743030303030303,0.41375215889464595,0.586247841105354,0.0009040423608420509,0.22,330.0,0.8484848484848485,0.9974288337924702,0.3722984194755554,0.9741621601581574,0.22,0.41375215889464595
24750,9264,15486,5693,3595,24,0.3743030303030303,0.38806131260794474,0.6119386873920553,0.0015497869043006587,0.230020202020202,345.030303030303,1.4545454545454546,0.9957842965044792,0.3722984194755554,0.9643267393112183,0.230020202020202,0.38806131260794474
24750,9264,15486,5940,3374,50,0.3743030303030303,0.3642055267702936,0.6357944732297064,0.003228722717293039,0.24,360.0,3.0303030303030303,0.9915824915824916,0.3722984194755554,0.9531734752655031,0.24,0.3642055267702936
24750,9264,15486,6188,3165,89,0.3743030303030303,0.34164507772020725,0.6583549222797928,0.005747126436781609,0.25002020202020203,375.030303030303,5.393939393939394,0.985617323852618,0.3722984194755554,0.9368134289979935,0.25002020202020203,0.34164507772020725
24750,9264,15486,6435,2964,135,0.3743030303030303,0.31994818652849744,0.6800518134715026,0.008717551336691205,0.26,390.0,8.181818181818182,0.9790209790209791,0.3722984194755554,0.9195407855510711,0.26,0.31994818652849744
24750,9264,15486,6683,2774,193,0.3743030303030303,0.29943868739205526,0.7005613126079447,0.01246286968875113,0.270020202020202,405.030303030303,11.696969696969697,0.9711207541523268,0.3722984194755554,0.8987671017646791,0.270020202020202,0.29943868739205526
24750,9264,15486,6930,2602,268,0.3743030303030303,0.2808721934369603,0.7191278065630398,0.017305953764690688,0.28,420.0,16.242424242424242,0.9613275613275614,0.3722984194755554,0.8680101418495177,0.28,0.2808721934369603
24750,9264,15486,7178,2423,337,0.3743030303030303,0.26155008635578586,0.7384499136442142,0.02176159111455508,0.290020202020202,435.030303030303,20.424242424242426,0.9530509891334633,0.3722984194755554,0.8229663467407228,0.290020202020202,0.26155008635578586
24750,9264,15486,7425,2260,421,0.3743030303030303,0.24395509499136442,0.7560449050086355,0.027185845279607386,0.3,450.0,25.515151515151516,0.9432996632996633,0.3722984194755554,0.7742976665496826,0.3,0.24395509499136442
24750,9264,15486,7673,2109,518,0.3743030303030303,0.22765544041450778,0.7723445595854922,0.03344956735115588,0.31002020202020203,465.030303030303,31.393939393939394,0.9324905512837222,0.3722984194755554,0.7153390443325042,0.31002020202020203,0.22765544041450778
24750,9264,15486,7920,1971,627,0.3743030303030303,0.21275906735751296,0.7872409326424871,0.04048818287485471,0.32,480.0,38.0,0.9208333333333333,0.3722984194755554,0.6616784191131592,0.32,0.21275906735751296
24750,9264,15486,8168,1857,761,0.3743030303030303,0.20045336787564766,0.7995466321243523,0.04914115975720005,0.33002020202020205,495.030303030303,46.121212121212125,0.9068315377081293,0.3722984194755554,0.6124621248245236,0.33002020202020205,0.20045336787564766
24750,9264,15486,8415,1758,909,0.3743030303030303,0.18976683937823835,0.8102331606217616,0.05869817900038745,0.34,510.0,55.09090909090909,0.8919786096256684,0.3722984194755554,0.5631998550891876,0.34,0.18976683937823835
24750,9264,15486,8663,1653,1052,0.3743030303030303,0.17843264248704663,0.8215673575129534,0.06793232597184554,0.350020202020202,525.030303030303,63.75757575757576,0.8785640078494747,0.3722984194755554,0.518212670087814,0.350020202020202,0.17843264248704663
24750,9264,15486,8910,1557,1203,0.3743030303030303,0.16806994818652848,0.8319300518134716,0.07768306857807052,0.36,540.0,72.9090909090909,0.864983164983165,0.3722984194755554,0.47388394474983236,0.36,0.16806994818652848
24750,9264,15486,9158,1464,1358,0.3743030303030303,0.15803108808290156,0.8419689119170984,0.08769210900167894,0.370020202020202,555.030303030303,82.3030303030303,0.8517143481109413,0.3722984194755554,0.4308780571818358,0.370020202020202,0.15803108808290156
24750,9264,15486,9405,1372,1513,0.3743030303030303,0.14810017271157166,0.8518998272884284,0.09770114942528736,0.38,570.0,91.6969696969697,0.8391281233386496,0.3722984194755554,0.3917188066244123,0.38,0.14810017271157166
24750,9264,15486,9653,1293,1682,0.3743030303030303,0.13957253886010362,0.8604274611398963,0.10861423220973783,0.39002020202020204,585.030303030303,101.93939393939394,0.8257536517144929,0.3722984194755554,0.3564694023132324,0.39002020202020204,0.13957253886010362
24750,9264,15486,9900,1219,1855,0.3743030303030303,0.13158462867012088,0.8684153713298791,0.11978561281157174,0.4,600.0,112.42424242424242,0.8126262626262626,0.3722984194755554,0.32208607792854305,0.4,0.13158462867012088
24750,9264,15486,10148,1154,2038,0.3743030303030303,0.12456822107081174,0.8754317789291882,0.13160273795686425,0.410020202020202,615.030303030303,123.51515151515152,0.7991722506897911,0.3722984194755554,0.2885267481207847,0.410020202020202,0.12456822107081174
24750,9264,15486,10395,1074,2205,0.3743030303030303,0.11593264248704663,0.8840673575129534,0.14238667183262302,0.42,630.0,133.63636363636363,0.7878787878787878,0.3722984194755554,0.2568992960453037,0.42,0.11593264248704663
24750,9264,15486,10643,1012,2391,0.3743030303030303,0.10924006908462867,0.8907599309153713,0.1543975203409531,0.430020202020202,645.030303030303,144.9090909090909,0.7753452973785587,0.3722984194755554,0.22700600445270555,0.430020202020202,0.10924006908462867
24750,9264,15486,10890,963,2589,0.3743030303030303,0.10395077720207253,0.8960492227979274,0.16718326230143354,0.44,660.0,156.9090909090909,0.762258953168044,0.3722984194755554,0.20166234910488137,0.44,0.10395077720207253
24750,9264,15486,11138,911,2785,0.3743030303030303,0.09833765112262521,0.9016623488773747,0.17983985535322228,0.45002020202020204,675.030303030303,168.78787878787878,0.7499551086370982,0.3722984194755554,0.17919515520334253,0.45002020202020204,0.09833765112262521
24750,9264,15486,11385,870,2991,0.3743030303030303,0.0939119170984456,0.9060880829015544,0.1931421929484696,0.46,690.0,181.27272727272728,0.7372859025032938,0.3722984194755554,0.15913066208362597,0.46,0.0939119170984456
24750,9264,15486,11633,827,3196,0.3743030303030303,0.08927029360967184,0.9107297063903281,0.20637995608937104,0.470020202020202,705.030303030303,193.6969696969697,0.725264334221611,0.3722984194755554,0.1403803639113905,0.470020202020202,0.08927029360967184
24750,9264,15486,11880,789,3405,0.3743030303030303,0.08516839378238342,0.9148316062176166,0.21987601704765594,0.48,720.0,206.36363636363637,0.7133838383838383,0.3722984194755554,0.12384878456592556,0.48,0.08516839378238342
24750,9264,15486,12128,746,3610,0.3743030303030303,0.08052677029360968,0.9194732297063903,0.2331137801885574,0.490020202020202,735.030303030303,218.78787878787878,0.7023416886543535,0.3722984194755554,0.10826540209352968,0.490020202020202,0.08052677029360968
24750,9264,15486,12375,714,3825,0.3743030303030303,0.07707253886010362,0.9229274611398963,0.24699728787291747,0.5,750.0,231.8181818181818,0.6909090909090909,0.3722984194755554,0.09418002888560295,0.5,0.07707253886010362
24750,9264,15486,12622,683,4041,0.3743030303030303,0.07372625215889464,0.9262737478411054,0.2609453700116234,0.509979797979798,764.969696969697,244.9090909090909,0.6798447155759785,0.3722984194755554,0.08125757537782193,0.509979797979798,0.07372625215889464
24750,9264,15486,12870,646,4252,0.3743030303030303,0.06973229706390328,0.9302677029360967,0.2745705798786,0.52,780.0,257.6969696969697,0.6696192696192697,0.3722984194755554,0.07230343610048294,0.52,0.06973229706390328
24750,9264,15486,13117,618,4471,0.3743030303030303,0.0667098445595855,0.9332901554404145,0.28871238538034355,0.529979797979798,794.969696969697,270.969696969697,0.6591446214835709,0.3722984194755554,0.06423632889986038,0.529979797979798,0.0667098445595855
24750,9264,15486,13365,599,4700,0.3743030303030303,0.06465889464594128,0.9353411053540587,0.30349993542554565,0.54,810.0,284.8484848484849,0.6483352038907595,0.3722984194755554,0.05688611783087254,0.54,0.06465889464594128
24750,9264,15486,13612,576,4924,0.3743030303030303,0.06217616580310881,0.9378238341968912,0.3179646131990185,0.549979797979798,824.969696969697,298.42424242424244,0.6382603585071995,0.3722984194755554,0.050294030457735055,0.549979797979798,0.06217616580310881
24750,9264,15486,13860,532,5128,0.3743030303030303,0.057426597582038,0.942573402417962,0.33113780188557407,0.56,840.0,310.7878787878788,0.63001443001443,0.3722984194755554,0.04469011902809142,0.56,0.057426597582038
24750,9264,15486,14107,479,5322,0.3743030303030303,0.05170552677029361,0.9482944732297064,0.34366524602867105,0.569979797979798,854.969696969697,322.54545454545456,0.6227404834479336,0.3722984194755554,0.03980921838432548,0.569979797979798,0.05170552677029361
24750,9264,15486,14355,448,5539,0.3743030303030303,0.04835924006908463,0.9516407599309153,0.35767790262172283,0.58,870.0,335.6969696969697,0.6141414141414141,0.3722984194755554,0.03474041171371938,0.58,0.04835924006908463
24750,9264,15486,14602,418,5756,0.3743030303030303,0.04512089810017271,0.9548791018998273,0.3716905592147746,0.5899797979797979,884.969696969697,348.8484848484849,0.6058074236405971,0.3722984194755554,0.03036491071805358,0.5899797979797979,0.04512089810017271
24750,9264,15486,14850,403,5989,0.3743030303030303,0.04350172711571675,0.9564982728842832,0.3867364070773602,0.6,900.0,362.969696969697,0.5967003367003367,0.3722984194755554,0.02713632844388485,0.6,0.04350172711571675
24750,9264,15486,15097,385,6218,0.3743030303030303,0.0415587219343696,0.9584412780656304,0.40152395712256234,0.609979797979798,914.969696969697,376.8484848484849,0.5881300920712724,0.3722984194755554,0.024666154067963367,0.609979797979798,0.0415587219343696
24750,9264,15486,15345,368,6449,0.3743030303030303,0.039723661485319514,0.9602763385146805,0.41644065607645614,0.62,930.0,390.8484848484849,0.5797328119908766,0.3722984194755554,0.022639848366379754,0.62,0.039723661485319514
24750,9264,15486,15592,348,6676,0.3743030303030303,0.03756476683937824,0.9624352331606217,0.43109905721296654,0.629979797979798,944.969696969697,404.6060606060606,0.5718317085684966,0.3722984194755554,0.020572020485997197,0.629979797979798,0.03756476683937824
24750,9264,15486,15840,330,6906,0.3743030303030303,0.03562176165803109,0.9643782383419689,0.4459511817125145,0.64,960.0,418.54545454545456,0.5640151515151515,0.3722984194755554,0.01862297289073466,0.64,0.03562176165803109
24750,9264,15486,16087,318,7141,0.3743030303030303,0.03432642487046632,0.9656735751295337,0.46112617848379184,0.649979797979798,974.969696969697,432.7878787878788,0.5561011997264872,0.3722984194755554,0.01715424684807658,0.649979797979798,0.03432642487046632
24750,9264,15486,16335,305,7376,0.3743030303030303,0.03292314335060449,0.9670768566493955,0.4763011752550691,0.66,990.0,447.030303030303,0.5484542393633303,0.3722984194755554,0.015746932476758957,0.66,0.03292314335060449
24750,9264,15486,16582,284,7602,0.3743030303030303,0.03065630397236615,0.9693436960276338,0.4908950019372336,0.669979797979798,1004.969696969697,460.72727272727275,0.5415510794837776,0.3722984194755554,0.01484695584513247,0.669979797979798,0.03065630397236615
24750,9264,15486,16835,270,7841,0.3743030303030303,0.029145077720207253,0.9708549222797928,0.5063282965258944,0.6802020202020203,1020.3030303030303,475.2121212121212,0.5342441342441342,0.3722984194755554,0.014077610336244106,0.6802020202020203,0.029145077720207253
24750,9264,15486,17077,248,8061,0.3743030303030303,0.02677029360967185,0.9732297063903281,0.5205346764819837,0.689979797979798,1034.969696969697,488.54545454545456,0.5279615857586227,0.3722984194755554,0.013431619759649037,0.689979797979798,0.02677029360967185
24750,9264,15486,17325,227,8288,0.3743030303030303,0.024503454231433505,0.9754965457685665,0.5351930776184941,0.7,1050.0,502.3030303030303,0.5216161616161616,0.3722984194755554,0.0128237041644752,0.7,0.024503454231433505
24750,9264,15486,17572,213,8521,0.3743030303030303,0.02299222797927461,0.9770077720207254,0.5502389254810797,0.7099797979797979,1064.969696969697,516.4242424242424,0.5150808103801502,0.3722984194755554,0.012352475728839638,0.7099797979797979,0.02299222797927461
24750,9264,15486,17820,200,8756,0.3743030303030303,0.02158894645941278,0.9784110535405872,0.565413922252357,0.72,1080.0,530.6666666666666,0.508641975308642,0.3722984194755554,0.01188649695366621,0.72,0.02158894645941278
24750,9264,15486,18067,183,8986,0.3743030303030303,0.019753886010362695,0.9802461139896373,0.580266046751905,0.729979797979798,1094.969696969697,544.6060606060606,0.5026291027840815,0.3722984194755554,0.011495783599093557,0.729979797979798,0.019753886010362695
24750,9264,15486,18315,170,9221,0.3743030303030303,0.018350604490500865,0.9816493955094991,0.5954410435231823,0.74,1110.0,558.8484848484849,0.4965328965328965,0.3722984194755554,0.011110781468451023,0.74,0.018350604490500865
24750,9264,15486,18565,156,9457,0.3743030303030303,0.01683937823834197,0.9831606217616581,0.6106806147488054,0.75010101010101,1125.1515151515152,573.1515151515151,0.49060059251279287,0.3722984194755554,0.010744377970695496,0.75010101010101,0.01683937823834197
24750,9264,15486,18810,139,9685,0.3743030303030303,0.015004317789291883,0.9849956822107081,0.6254035903396616,0.76,1140.0,586.969696969697,0.4851143009037746,0.3722984194755554,0.010406125709414482,0.76,0.015004317789291883
24750,9264,15486,19057,130,9923,0.3743030303030303,0.014032815198618308,0.9859671848013817,0.6407723104739765,0.769979797979798,1154.969696969697,601.3939393939394,0.47929894526945477,0.3722984194755554,0.010078948596492408,0.769979797979798,0.014032815198618308
24750,9264,15486,19305,122,10163,0.3743030303030303,0.013169257340241797,0.9868307426597582,0.6562701795169831,0.78,1170.0,615.939393939394,0.47355607355607354,0.3722984194755554,0.00978851292282343,0.78,0.013169257340241797
24750,9264,15486,19552,109,10397,0.3743030303030303,0.011765975820379965,0.98823402417962,0.6713806018339145,0.789979797979798,1184.969696969697,630.1212121212121,0.4682385433715221,0.3722984194755554,0.009585160594433546,0.789979797979798,0.011765975820379965
24750,9264,15486,19800,97,10633,0.3743030303030303,0.010470639032815199,0.9895293609671848,0.6866201730595376,0.8,1200.0,644.4242424242424,0.462979797979798,0.3722984194755554,0.009375992976129054,0.8,0.010470639032815199
24750,9264,15486,20048,92,10876,0.3743030303030303,0.009930915371329879,0.9900690846286702,0.7023117654655818,0.810020202020202,1215.030303030303,659.1515151515151,0.45750199521149243,0.3722984194755554,0.009146206080913544,0.810020202020202,0.009930915371329879
24750,9264,15486,20295,82,11113,0.3743030303030303,0.00885146804835924,0.9911485319516408,0.7176159111455508,0.82,1230.0,673.5151515151515,0.45242670608524266,0.3722984194755554,0.00890833893790841,0.82,0.00885146804835924
24750,9264,15486,20542,78,11356,0.3743030303030303,0.008419689119170985,0.991580310880829,0.733307503551595,0.8299797979797979,1244.969696969697,688.2424242424242,0.44718138448057637,0.3722984194755554,0.008681791760027409,0.8299797979797979,0.008419689119170985
24750,9264,15486,20790,69,11595,0.3743030303030303,0.007448186528497409,0.9925518134715026,0.7487407981402557,0.84,1260.0,702.7272727272727,0.4422799422799423,0.3722984194755554,0.008451496399939062,0.84,0.007448186528497409
24750,9264,15486,21037,54,11827,0.3743030303030303,0.005829015544041451,0.9941709844559585,0.7637220715484954,0.849979797979798,1274.969696969697,716.7878787878788,0.43780006654941295,0.3722984194755554,0.00822984492406249,0.849979797979798,0.005829015544041451
24750,9264,15486,21286,47,12069,0.3743030303030303,0.005073402417962004,0.9949265975820379,0.7793490895001938,0.860040404040404,1290.060606060606,731.4545454545455,0.4330076106360988,0.3722984194755554,0.008016311563551426,0.860040404040404,0.005073402417962004
24750,9264,15486,21532,36,12304,0.3743030303030303,0.0038860103626943004,0.9961139896373057,0.794524086271471,0.869979797979798,1304.969696969697,745.6969696969697,0.42857142857142855,0.3722984194755554,0.007798024057410658,0.869979797979798,0.0038860103626943004
24750,9264,15486,21780,31,12547,0.3743030303030303,0.003346286701208981,0.996653713298791,0.8102156786775152,0.88,1320.0,760.4242424242424,0.423921028466483,0.3722984194755554,0.007607089076191187,0.88,0.003346286701208981
24750,9264,15486,22027,19,12782,0.3743030303030303,0.0020509499136442144,0.9979490500863558,0.8253906754487924,0.889979797979798,1334.969696969697,774.6666666666666,0.4197121714259772,0.3722984194755554,0.007392586236819625,0.889979797979798,0.0020509499136442144
24750,9264,15486,22275,12,13023,0.3743030303030303,0.0012953367875647669,0.9987046632124352,0.8409531189461449,0.9,1350.0,789.2727272727273,0.41535353535353536,0.3722984194755554,0.00717843179591,0.9,0.0012953367875647669
24750,9264,15486,22522,10,13268,0.3743030303030303,0.001079447322970639,0.9989205526770294,0.8567738602608808,0.909979797979798,1364.969696969697,804.1212121212121,0.4108871325814759,0.3722984194755554,0.006987031563185154,0.909979797979798,0.001079447322970639
24750,9264,15486,22770,8,13514,0.3743030303030303,0.0008635578583765112,0.9991364421416234,0.8726591760299626,0.92,1380.0,819.030303030303,0.40649978041282386,0.3722984194755554,0.00681231770664453,0.92,0.0008635578583765112
24750,9264,15486,23017,8,13761,0.3743030303030303,0.0008635578583765112,0.9991364421416234,0.8886090662533902,0.929979797979798,1394.969696969697,834.0,0.40213755050614763,0.3722984194755554,0.006619399175979196,0.929979797979798,0.0008635578583765112
24750,9264,15486,23266,5,14007,0.3743030303030303,0.0005397236614853195,0.9994602763385146,0.9044943820224719,0.940040404040404,1410.060606060606,848.9090909090909,0.39796269234075476,0.3722984194755554,0.006419015116989613,0.940040404040404,0.0005397236614853195
24750,9264,15486,23512,4,14252,0.3743030303030303,0.0004317789291882556,0.9995682210708118,0.9203151233372078,0.949979797979798,1424.969696969697,863.7575757575758,0.393841442667574,0.3722984194755554,0.006203528121113777,0.949979797979798,0.0004317789291882556
24750,9264,15486,23760,4,14500,0.3743030303030303,0.0004317789291882556,0.9995682210708118,0.9363295880149812,0.96,1440.0,878.7878787878788,0.3897306397306397,0.3722984194755554,0.006049017775803804,0.96,0.0004317789291882556
24750,9264,15486,24007,4,14747,0.3743030303030303,0.0004317789291882556,0.9995682210708118,0.9522794782384089,0.9699797979797979,1454.969696969697,893.7575757575758,0.38572083142416796,0.3722984194755554,0.005841056844219566,0.9699797979797979,0.0004317789291882556
24750,9264,15486,24255,4,14995,0.3743030303030303,0.0004317789291882556,0.9995682210708118,0.9682939429161823,0.98,1470.0,908.7878787878788,0.3817769532055246,0.3722984194755554,0.0056411642115563165,0.98,0.0004317789291882556
24750,9264,15486,24503,1,15240,0.3743030303030303,0.0001079447322970639,0.999892055267703,0.9841146842309183,0.990020202020202,1485.030303030303,923.6363636363636,0.3780353426111088,0.3722984194755554,0.005295571405440569,0.990020202020202,0.0001079447322970639
24750,9264,15486,24750,0,15486,0.3743030303030303,0.0,1.0,1.0,1.0,1500.0,938.5454545454545,0.3743030303030303,0.3722984194755554,0.004200605675578117,1.0,0.0
